<?xml version="1.0" encoding="UTF-8" ?>

<!DOCTYPE mapper PUBLIC "-//mybatis.org//DTO Mapper 3.0//EN" "http://mybatis.org/dtd/mybatis-3-mapper.dtd">

<mapper namespace="com.hmsec.mybatis.mapper.MemberMapper">

    <!-- SELECT -->
    <select id="select" resultType="com.hmsec.mybatis.domain.Member">
        SELECT * FROM member
        where rownum &lt;= #{limit}
    </select>
    
    <!-- SELECT -->
    <select id="selectAll" resultType="com.hmsec.mybatis.domain.Member">
        SELECT * FROM member
    </select>

    <select id="selectBySeq" parameterType="long" resultType="com.hmsec.mybatis.domain.Member">
        SELECT * FROM member WHERE seq = #{seq}
    </select>
    
    <select id="selectById" parameterType="String" resultType="com.hmsec.mybatis.domain.Member">
    SELECT * FROM member WHERE user_id = #{userId}
    </select>

    <!-- INSERT -->
    <insert id="insert" parameterType="com.hmsec.mybatis.domain.Member">
        INSERT INTO member (seq, user_id, user_name)
        VALUES (member_seq.nextval, #{member.userId}, #{member.userName})
    </insert>

    <!-- UPDATE -->
    <update id="update" parameterType="com.hmsec.mybatis.domain.Member">
        UPDATE member
        SET user_id = #{member.userId}, user_name = #{member.userName}
        WHERE seq = #{member.seq}
    </update>

    <!-- DELETE -->
    <delete id="delete" parameterType="long">
        DELETE FROM member WHERE seq = #{seq}
    </delete>

</mapper>